start_lon,start_lat,end_lon,end_lat,color,animate,pulse_at_start,weight
-118.2705,33.9984,-122.789336,37.920458,#FF0000,true,,
-118.2705,33.9984,-80.247887,25.792296,,
-118.2705,33.9984,-87.724088,41.917846,,
-118.2705,33.9984,-92.145189,46.77372,,,,3
-100,20,-95.999705,35,#0000FF,true,true,